/*
 Navicat MySQL Data Transfer

 Source Server         : root
 Source Server Type    : MySQL
 Source Server Version : 80011
 Source Host           : localhost:3306
 Source Schema         : image_laboratory

 Target Server Type    : MySQL
 Target Server Version : 80011
 File Encoding         : 65001

 Date: 25/10/2021 16:08:26
*/

SET NAMES utf8mb4;
SET FOREIGN_KEY_CHECKS = 0;

-- ----------------------------
-- Table structure for device
-- ----------------------------
DROP TABLE IF EXISTS `device`;
CREATE TABLE `device`  (
  `id` varchar(255) CHARACTER SET utf8 COLLATE utf8_general_ci NOT NULL,
  `name` varchar(50) CHARACTER SET utf8 COLLATE utf8_general_ci NULL DEFAULT NULL,
  PRIMARY KEY (`id`) USING BTREE
) ENGINE = InnoDB CHARACTER SET = utf8 COLLATE = utf8_general_ci ROW_FORMAT = Dynamic;

-- ----------------------------
-- Records of device
-- ----------------------------
INSERT INTO `device` VALUES ('1', '电脑');
INSERT INTO `device` VALUES ('2', '手机');

-- ----------------------------
-- Table structure for directory
-- ----------------------------
DROP TABLE IF EXISTS `directory`;
CREATE TABLE `directory`  (
  `id` varchar(255) CHARACTER SET utf8 COLLATE utf8_general_ci NOT NULL,
  `name` varchar(50) CHARACTER SET utf8 COLLATE utf8_general_ci NULL DEFAULT NULL,
  `parent_id` varchar(255) CHARACTER SET utf8 COLLATE utf8_general_ci NULL DEFAULT NULL,
  `user_id` varchar(255) CHARACTER SET utf8 COLLATE utf8_general_ci NULL DEFAULT NULL,
  PRIMARY KEY (`id`) USING BTREE
) ENGINE = InnoDB CHARACTER SET = utf8 COLLATE = utf8_general_ci ROW_FORMAT = Dynamic;

-- ----------------------------
-- Records of directory
-- ----------------------------
INSERT INTO `directory` VALUES ('1438318939685310464', '1102647596@qq.com', NULL, '1437334835749818368');
INSERT INTO `directory` VALUES ('1440582517813481472', 'gg', '1438318939685310464', '1437334835749818368');
INSERT INTO `directory` VALUES ('1440582544623472640', 'cc', '1440582603138207744', '1437334835749818368');
INSERT INTO `directory` VALUES ('1440582562369572864', 'gg', '1440582532493545472', '1437334835749818368');
INSERT INTO `directory` VALUES ('1440582590223945728', 'mm', '1440582532493545472', '1437334835749818368');
INSERT INTO `directory` VALUES ('1440582603138207744', 'vv', '1440582517813481472', '1437334835749818368');
INSERT INTO `directory` VALUES ('1440587209465470976', 'oo', '1440582517813481472', '1437334835749818368');
INSERT INTO `directory` VALUES ('1440593713757233152', 'pp', '1438318939685310464', '1437334835749818368');
INSERT INTO `directory` VALUES ('1441301305777266688', 'zhangsan', '1440582603138207744', '1437334835749818368');
INSERT INTO `directory` VALUES ('1447131635411099648', 'ii', '1438318939685310464', '1437334835749818368');
INSERT INTO `directory` VALUES ('1447131647822045184', 'k', '1438318939685310464', '1437334835749818368');
INSERT INTO `directory` VALUES ('1447132044217327616', 'bb', '1438318939685310464', '1437334835749818368');
INSERT INTO `directory` VALUES ('1447132057857204224', 'dd', '1438318939685310464', '1437334835749818368');
INSERT INTO `directory` VALUES ('1447132068837892096', 'ww', '1438318939685310464', '1437334835749818368');
INSERT INTO `directory` VALUES ('1447132081127202816', 'nn', '1438318939685310464', '1437334835749818368');
INSERT INTO `directory` VALUES ('1447132109086433280', 'ee', '1438318939685310464', '1437334835749818368');
INSERT INTO `directory` VALUES ('1447132119010156544', 'tt', '1438318939685310464', '1437334835749818368');
INSERT INTO `directory` VALUES ('1447132130489966592', 'hh', '1438318939685310464', '1437334835749818368');
INSERT INTO `directory` VALUES ('1447132160730898432', 'o', '1438318939685310464', '1437334835749818368');
INSERT INTO `directory` VALUES ('1447132190275575808', 'll', '1438318939685310464', '1437334835749818368');
INSERT INTO `directory` VALUES ('1447132205790306304', 'rr', '1438318939685310464', '1437334835749818368');
INSERT INTO `directory` VALUES ('1447132263864639488', 'z', '1447132130489966592', '1437334835749818368');
INSERT INTO `directory` VALUES ('1450299191349309440', 'u', '1447132248681259008', '1437334835749818368');
INSERT INTO `directory` VALUES ('1450299611572432896', 'aaa', '1447132223167307776', '1437334835749818368');
INSERT INTO `directory` VALUES ('1450353318020333568', 'a', '1447132109086433280', '1437334835749818368');

-- ----------------------------
-- Table structure for image_label
-- ----------------------------
DROP TABLE IF EXISTS `image_label`;
CREATE TABLE `image_label`  (
  `id` varchar(255) CHARACTER SET utf8 COLLATE utf8_general_ci NOT NULL,
  `user_id` varchar(255) CHARACTER SET utf8 COLLATE utf8_general_ci NULL DEFAULT NULL,
  `label_id` varchar(255) CHARACTER SET utf8 COLLATE utf8_general_ci NULL DEFAULT NULL,
  PRIMARY KEY (`id`) USING BTREE
) ENGINE = InnoDB CHARACTER SET = utf8 COLLATE = utf8_general_ci ROW_FORMAT = Dynamic;

-- ----------------------------
-- Table structure for img
-- ----------------------------
DROP TABLE IF EXISTS `img`;
CREATE TABLE `img`  (
  `id` varchar(255) CHARACTER SET utf8 COLLATE utf8_general_ci NOT NULL,
  `name` varchar(255) CHARACTER SET utf8 COLLATE utf8_general_ci NULL DEFAULT NULL,
  `size` double NULL DEFAULT NULL,
  `type` varchar(50) CHARACTER SET utf8 COLLATE utf8_general_ci NULL DEFAULT NULL,
  `user_id` varchar(255) CHARACTER SET utf8 COLLATE utf8_general_ci NULL DEFAULT NULL,
  `path` varchar(255) CHARACTER SET utf8 COLLATE utf8_general_ci NULL DEFAULT NULL,
  `dir_id` varchar(255) CHARACTER SET utf8 COLLATE utf8_general_ci NULL DEFAULT NULL,
  `is_public` tinyint(2) NULL DEFAULT NULL COMMENT '是否公开',
  `insert_date` datetime(0) NULL DEFAULT NULL,
  PRIMARY KEY (`id`) USING BTREE,
  INDEX `fk_img_dir`(`dir_id`) USING BTREE,
  INDEX `fk_img_user`(`user_id`) USING BTREE,
  CONSTRAINT `fk_img_dir` FOREIGN KEY (`dir_id`) REFERENCES `directory` (`id`) ON DELETE RESTRICT ON UPDATE CASCADE,
  CONSTRAINT `fk_img_user` FOREIGN KEY (`user_id`) REFERENCES `user` (`id`) ON DELETE RESTRICT ON UPDATE CASCADE
) ENGINE = InnoDB CHARACTER SET = utf8 COLLATE = utf8_general_ci ROW_FORMAT = Dynamic;

-- ----------------------------
-- Records of img
-- ----------------------------
INSERT INTO `img` VALUES ('1440584885552672768', 'free.jpg', NULL, NULL, '1437334835749818368', 'D:\\opt\\server\\data\\1102647596@qq.com\\vv\\free.jpg', '1440582590223945728', 0, '2021-09-01 11:04:05');
INSERT INTO `img` VALUES ('1440593748066639872', 'building-white.jpg', NULL, NULL, '1437334835749818368', 'D:\\opt\\server\\data\\1102647596@qq.com\\building-white.jpg', '1440582562369572864', 0, '2021-10-12 11:04:09');
INSERT INTO `img` VALUES ('1441301392389644288', 'sky.jpg', NULL, NULL, '1437334835749818368', 'D:\\opt\\server\\data\\1102647596@qq.com\\gg\\vv\\zhangsan\\sky.jpg', '1441301305777266688', 0, '2021-09-21 11:04:15');
INSERT INTO `img` VALUES ('1448474545838645248', '1.jpg', NULL, NULL, '1437334835749818368', 'D:\\opt\\server\\data\\1102647596@qq.com\\nnf\\1.jpg', '1447132263864639488', 0, '2021-09-17 11:04:19');
INSERT INTO `img` VALUES ('1448478226659151872', 'bola.jpg', NULL, NULL, '1437334835749818368', 'D:\\opt\\server\\data\\1102647596@qq.com\\bola.jpg', '1447132130489966592', 0, '2021-08-25 11:04:29');
INSERT INTO `img` VALUES ('1448581182242992128', 'face.jpg', NULL, NULL, '1437334835749818368', 'D:\\opt\\server\\data\\1102647596@qq.com\\face.jpg', '1438318939685310464', 0, NULL);
INSERT INTO `img` VALUES ('1448589789189681152', 'theGirl.png', NULL, NULL, '1437334835749818368', 'D:\\opt\\server\\data\\1102647596@qq.com\\theGirl.png', '1438318939685310464', 0, NULL);
INSERT INTO `img` VALUES ('1448595175955279872', 'peppers.jpg', NULL, NULL, '1437334835749818368', 'D:\\opt\\server\\data\\1102647596@qq.com\\peppers.jpg', '1438318939685310464', 0, NULL);
INSERT INTO `img` VALUES ('1448595694622912512', 'color.jpg', NULL, NULL, '1437334835749818368', 'D:\\opt\\server\\data\\1102647596@qq.com\\gg\\color.jpg', '1440582517813481472', 0, NULL);
INSERT INTO `img` VALUES ('1448912333784518656', '863389.jpg', NULL, NULL, '1437334835749818368', '/opt/server/data//1102647596@qq.com/863389.jpg', '1438318939685310464', 0, '2021-10-15 15:23:16');
INSERT INTO `img` VALUES ('1448913512258113536', 'ba31d9.jpg', NULL, NULL, '1437334835749818368', '/opt/server/data//1102647596@qq.com/ba31d9.jpg', '1440582544623472640', 0, '2021-10-15 15:27:55');
INSERT INTO `img` VALUES ('1448917912527675392', '7a70e8.jpg', NULL, NULL, '1437334835749818368', '/opt/server/data//1102647596@qq.com/7a70e8.jpg', '1438318939685310464', 0, '2021-10-15 15:45:25');
INSERT INTO `img` VALUES ('1449274559628435456', '1.jpg', NULL, NULL, '1437334835749818368', 'D:\\opt\\server\\data\\1102647596@qq.com\\pp\\1.jpg', '1440593713757233152', 0, NULL);
INSERT INTO `img` VALUES ('1449274761911328768', 'free.jpg', NULL, NULL, '1437334835749818368', 'D:\\opt\\server\\data\\1102647596@qq.com\\pp\\free.jpg', '1440593713757233152', 0, NULL);
INSERT INTO `img` VALUES ('1449929029282512896', 'bola.jpg', NULL, NULL, '1437334835749818368', 'D:\\opt\\server\\data\\1102647596@qq.com\\gg\\bola.jpg', '1440582517813481472', 0, NULL);
INSERT INTO `img` VALUES ('1449929139089391616', 'color.jpg', NULL, NULL, '1437334835749818368', 'D:\\opt\\server\\data\\1102647596@qq.com\\gg\\color.jpg', '1440582517813481472', 0, NULL);
INSERT INTO `img` VALUES ('1449929226758733824', 'bola.jpg', NULL, NULL, '1437334835749818368', 'D:\\opt\\server\\data\\1102647596@qq.com\\gg\\oo\\bola.jpg', '1440587209465470976', 0, NULL);
INSERT INTO `img` VALUES ('1449930536564375552', 'peppers.jpg', NULL, NULL, '1437334835749818368', 'D:\\opt\\server\\data\\1102647596@qq.com\\gg\\vv\\cc\\peppers.jpg', '1440582544623472640', 0, NULL);
INSERT INTO `img` VALUES ('1449930706685345792', 'theGirl.png', NULL, NULL, '1437334835749818368', 'D:\\opt\\server\\data\\1102647596@qq.com\\gg\\vv\\cc\\theGirl.png', '1440582544623472640', 0, NULL);
INSERT INTO `img` VALUES ('1449930853725061120', 'bola.jpg', NULL, NULL, '1437334835749818368', 'D:\\opt\\server\\data\\1102647596@qq.com\\bb\\bola.jpg', '1447132044217327616', 0, NULL);
INSERT INTO `img` VALUES ('1449930880069484544', '1.jpg', NULL, NULL, '1437334835749818368', 'D:\\opt\\server\\data\\1102647596@qq.com\\bb\\1.jpg', '1447132044217327616', 0, NULL);
INSERT INTO `img` VALUES ('1449930944015843328', 'bola.jpg', NULL, NULL, '1437334835749818368', 'D:\\opt\\server\\data\\1102647596@qq.com\\dd\\bola.jpg', '1447132057857204224', 0, NULL);
INSERT INTO `img` VALUES ('1449931060437139456', '1.jpg', NULL, NULL, '1437334835749818368', 'D:\\opt\\server\\data\\1102647596@qq.com\\dd\\1.jpg', '1447132057857204224', 0, NULL);
INSERT INTO `img` VALUES ('1450299699006894080', 'yard.jpg', NULL, NULL, '1437334835749818368', 'D:\\opt\\server\\data\\1102647596@qq.com\\ttr\\aaa\\yard.jpg', '1450299611572432896', 0, NULL);
INSERT INTO `img` VALUES ('1452266635747942400', 'trash.jpeg', NULL, NULL, '1437334835749818368', 'D:\\opt\\server\\data\\1102647596@qq.com\\trash.jpeg', '1438318939685310464', 0, NULL);
INSERT INTO `img` VALUES ('1452532226232737792', '2.jpg', NULL, NULL, '1437334835749818368', 'D:\\opt\\server\\data\\1102647596@qq.com\\gg\\2.jpg', '1440582517813481472', 0, NULL);
INSERT INTO `img` VALUES ('1452534286416142336', '2.jpg', NULL, NULL, '1437334835749818368', 'D:\\opt\\server\\data\\1102647596@qq.com\\2.jpg', '1438318939685310464', 0, NULL);
INSERT INTO `img` VALUES ('1452541813174398976', '6.jpg', NULL, NULL, '1437334835749818368', 'D:\\opt\\server\\data\\1102647596@qq.com\\gg\\6.jpg', '1440582517813481472', 0, NULL);
INSERT INTO `img` VALUES ('1452544087590264832', '8.jpg', NULL, NULL, '1437334835749818368', 'D:\\opt\\server\\data\\1102647596@qq.com\\gg\\8.jpg', '1440582517813481472', 0, NULL);

-- ----------------------------
-- Table structure for label
-- ----------------------------
DROP TABLE IF EXISTS `label`;
CREATE TABLE `label`  (
  `id` varchar(255) CHARACTER SET utf8 COLLATE utf8_general_ci NOT NULL,
  `name` varchar(255) CHARACTER SET utf8 COLLATE utf8_general_ci NULL DEFAULT NULL,
  PRIMARY KEY (`id`) USING BTREE
) ENGINE = InnoDB CHARACTER SET = utf8 COLLATE = utf8_general_ci ROW_FORMAT = Dynamic;

-- ----------------------------
-- Records of label
-- ----------------------------
INSERT INTO `label` VALUES ('1', '蔬菜');
INSERT INTO `label` VALUES ('1448478223530201088', '网球');
INSERT INTO `label` VALUES ('1448581182230409216', '美女');
INSERT INTO `label` VALUES ('1448595175946891264', '甜椒');
INSERT INTO `label` VALUES ('1450299699002699776', '树');
INSERT INTO `label` VALUES ('1452266635739553792', '纸杯');
INSERT INTO `label` VALUES ('1452534286407753728', '浮尘天气');
INSERT INTO `label` VALUES ('1452544139473805312', '草原');
INSERT INTO `label` VALUES ('2', '水果');
INSERT INTO `label` VALUES ('3', '猫');
INSERT INTO `label` VALUES ('4', '狗');

-- ----------------------------
-- Table structure for login_record
-- ----------------------------
DROP TABLE IF EXISTS `login_record`;
CREATE TABLE `login_record`  (
  `id` varchar(255) CHARACTER SET utf8 COLLATE utf8_general_ci NOT NULL,
  `login_way_id` varchar(255) CHARACTER SET utf8 COLLATE utf8_general_ci NULL DEFAULT NULL,
  `device_id` varchar(255) CHARACTER SET utf8 COLLATE utf8_general_ci NULL DEFAULT NULL,
  `system_id` varchar(255) CHARACTER SET utf8 COLLATE utf8_general_ci NULL DEFAULT NULL,
  `login_date` datetime(0) NULL DEFAULT NULL,
  `user_id` varchar(255) CHARACTER SET utf8 COLLATE utf8_general_ci NULL DEFAULT NULL,
  PRIMARY KEY (`id`) USING BTREE
) ENGINE = InnoDB CHARACTER SET = utf8 COLLATE = utf8_general_ci ROW_FORMAT = Dynamic;

-- ----------------------------
-- Records of login_record
-- ----------------------------
INSERT INTO `login_record` VALUES ('1', '1', '1', '1', '2021-10-27 14:57:08', '1');
INSERT INTO `login_record` VALUES ('1448550649890885632', '1', '1', '1', '2021-10-14 15:26:02', '1437334835749818368');
INSERT INTO `login_record` VALUES ('1448571905143042048', '1', '1', '1', '2021-10-14 16:50:30', '1437334835749818368');
INSERT INTO `login_record` VALUES ('1448572283372785664', '1', '1', '1', '2021-10-14 16:52:00', '1437334835749818368');
INSERT INTO `login_record` VALUES ('1448572773535936512', '1', '1', '1', '2021-10-14 16:53:57', '1437334835749818368');
INSERT INTO `login_record` VALUES ('1448573327158894592', '1', '1', '1', '2021-10-14 16:56:09', '1437334835749818368');
INSERT INTO `login_record` VALUES ('1448573678947762176', '1', '1', '1', '2021-10-14 16:57:33', '1437334835749818368');
INSERT INTO `login_record` VALUES ('1448573917821739008', '1', '1', '1', '2021-10-14 16:58:30', '1437334835749818368');
INSERT INTO `login_record` VALUES ('1448574089620471808', '1', '1', '1', '2021-10-14 16:59:11', '1437334835749818368');
INSERT INTO `login_record` VALUES ('1448579111448035328', '1', '1', '1', '2021-10-14 17:19:08', '1437334835749818368');
INSERT INTO `login_record` VALUES ('1448579624524652544', '1', '1', '1', '2021-10-14 17:21:10', '1437334835749818368');
INSERT INTO `login_record` VALUES ('1448580617316380672', '1', '1', '1', '2021-10-14 17:25:07', '1437334835749818368');
INSERT INTO `login_record` VALUES ('1448589639998287872', '1', '1', '1', '2021-10-14 18:00:58', '1437334835749818368');
INSERT INTO `login_record` VALUES ('1448800106444349440', '1', '1', '1', '2021-10-15 07:57:17', '1437334835749818368');
INSERT INTO `login_record` VALUES ('1448815081338486784', '1', '1', '1', '2021-10-15 08:56:48', '1437334835749818368');
INSERT INTO `login_record` VALUES ('1448815980718899200', '1', '1', '1', '2021-10-15 09:00:22', '1437334835749818368');
INSERT INTO `login_record` VALUES ('1448816556311580672', '1', '1', '1', '2021-10-15 09:02:39', '1437334835749818368');
INSERT INTO `login_record` VALUES ('1448817497337233408', '1', '1', '1', '2021-10-15 09:06:24', '1437334835749818368');
INSERT INTO `login_record` VALUES ('1448817610809933824', '1', '1', '1', '2021-10-15 09:06:51', '1437334835749818368');
INSERT INTO `login_record` VALUES ('1448819246156574720', '1', '1', '1', '2021-10-15 09:13:21', '1437334835749818368');
INSERT INTO `login_record` VALUES ('1448819958529724416', '1', '1', '1', '2021-10-15 09:16:11', '1437334835749818368');
INSERT INTO `login_record` VALUES ('1448821657344483328', '1', '1', '1', '2021-10-15 09:22:56', '1437334835749818368');
INSERT INTO `login_record` VALUES ('1448822326956756992', '1', '1', '1', '2021-10-15 09:25:35', '1437334835749818368');
INSERT INTO `login_record` VALUES ('1448822768927363072', '1', '1', '1', '2021-10-15 09:27:21', '1437334835749818368');
INSERT INTO `login_record` VALUES ('1448825800758984704', '1', '1', '1', '2021-10-15 09:39:23', '1437334835749818368');
INSERT INTO `login_record` VALUES ('1448826698323316736', '1', '1', '1', '2021-10-15 09:42:57', '1437334835749818368');
INSERT INTO `login_record` VALUES ('1448834931314130944', '1', '1', '1', '2021-10-15 10:15:40', '1437334835749818368');
INSERT INTO `login_record` VALUES ('1448836025838837760', '1', '1', '1', '2021-10-15 10:20:01', '1437334835749818368');
INSERT INTO `login_record` VALUES ('1448836888871419904', '1', '1', '1', '2021-10-15 10:23:27', '1437334835749818368');
INSERT INTO `login_record` VALUES ('1448839460835295232', '1', '1', '1', '2021-10-15 10:33:40', '1437334835749818368');
INSERT INTO `login_record` VALUES ('1448840435386122240', '1', '1', '1', '2021-10-15 10:37:33', '1437334835749818368');
INSERT INTO `login_record` VALUES ('1448841176129482752', '1', '1', '1', '2021-10-15 10:40:29', '1437334835749818368');
INSERT INTO `login_record` VALUES ('1448841810425794560', '1', '1', '1', '2021-10-15 10:43:00', '1437334835749818368');
INSERT INTO `login_record` VALUES ('1448843034692747264', '1', '1', '1', '2021-10-15 10:47:52', '1437334835749818368');
INSERT INTO `login_record` VALUES ('1448843034696941568', '1', '1', '1', '2021-10-15 10:47:52', '1437334835749818368');
INSERT INTO `login_record` VALUES ('1448844491307470848', '1', '1', '1', '2021-10-15 10:53:40', '1437334835749818368');
INSERT INTO `login_record` VALUES ('1448852253269610496', '1', '1', '1', '2021-10-15 11:24:30', '1437334835749818368');
INSERT INTO `login_record` VALUES ('1448852687434674176', '1', '1', '1', '2021-10-15 11:26:14', '1437334835749818368');
INSERT INTO `login_record` VALUES ('1448897005612560384', '1', '1', '1', '2021-10-15 14:22:20', '1437334835749818368');
INSERT INTO `login_record` VALUES ('1448897923254931456', '1', '1', '1', '2021-10-15 14:25:59', '1437334835749818368');
INSERT INTO `login_record` VALUES ('1448908965339021312', '1', '1', '1', '2021-10-15 15:09:51', '1437334835749818368');
INSERT INTO `login_record` VALUES ('1448910155867062272', '1', '1', '1', '2021-10-15 15:14:35', '1437334835749818368');
INSERT INTO `login_record` VALUES ('1448910873453711360', '1', '1', '1', '2021-10-15 15:17:26', '1437334835749818368');
INSERT INTO `login_record` VALUES ('1448912089566973952', '1', '1', '1', '2021-10-15 15:22:16', '1437334835749818368');
INSERT INTO `login_record` VALUES ('1448914201747247104', '1', '1', '1', '2021-10-15 15:30:40', '1437334835749818368');
INSERT INTO `login_record` VALUES ('1448917495831961600', '1', '1', '1', '2021-10-15 15:43:45', '1437334835749818368');
INSERT INTO `login_record` VALUES ('1448918234490843136', '1', '1', '1', '2021-10-15 15:46:41', '1437334835749818368');
INSERT INTO `login_record` VALUES ('1448918234490843137', '1', '1', '1', '2021-10-15 15:46:41', '1437334835749818368');
INSERT INTO `login_record` VALUES ('1448920511972716544', '1', '1', '1', '2021-10-15 15:55:44', '1437334835749818368');
INSERT INTO `login_record` VALUES ('1448921334207291392', '1', '1', '1', '2021-10-15 15:59:00', '1437334835749818368');
INSERT INTO `login_record` VALUES ('1448957977106685952', '1', '1', '1', '2021-10-15 18:24:37', '1437334835749818368');
INSERT INTO `login_record` VALUES ('1448961939595657216', '1', '1', '1', '2021-10-15 18:40:21', '1437334835749818368');
INSERT INTO `login_record` VALUES ('1448962290122063872', '1', '1', '1', '2021-10-15 18:41:45', '1437334835749818368');
INSERT INTO `login_record` VALUES ('1449184138088726528', '1', '1', '1', '2021-10-16 09:23:18', '1437334835749818368');
INSERT INTO `login_record` VALUES ('1449195720843825152', '1', '1', '1', '2021-10-16 10:09:19', '1437334835749818368');
INSERT INTO `login_record` VALUES ('1449196673538043904', '1', '1', '1', '2021-10-16 10:13:06', '1437334835749818368');
INSERT INTO `login_record` VALUES ('1449197208030748672', '1', '1', '1', '2021-10-16 10:15:14', '1437334835749818368');
INSERT INTO `login_record` VALUES ('1449197724898959360', '1', '1', '1', '2021-10-16 10:17:17', '1437334835749818368');
INSERT INTO `login_record` VALUES ('1449197922442387456', '1', '1', '1', '2021-10-16 10:18:04', '1437334835749818368');
INSERT INTO `login_record` VALUES ('1449201569762959360', '1', '1', '1', '2021-10-16 10:32:34', '1437334835749818368');
INSERT INTO `login_record` VALUES ('1449202813705437184', '1', '1', '1', '2021-10-16 10:37:30', '1437334835749818368');
INSERT INTO `login_record` VALUES ('1449206380436770816', '1', '1', '1', '2021-10-16 10:51:41', '1437334835749818368');
INSERT INTO `login_record` VALUES ('1449207361178238976', '1', '1', '1', '2021-10-16 10:55:35', '1437334835749818368');
INSERT INTO `login_record` VALUES ('1449207644360912896', '1', '1', '1', '2021-10-16 10:56:42', '1437334835749818368');
INSERT INTO `login_record` VALUES ('1449208102714454016', '1', '1', '1', '2021-10-16 10:58:31', '1437334835749818368');
INSERT INTO `login_record` VALUES ('1449209259742482432', '1', '1', '1', '2021-10-16 11:03:07', '1437334835749818368');
INSERT INTO `login_record` VALUES ('1449209864061976576', '1', '1', '1', '2021-10-16 11:05:31', '1437334835749818368');
INSERT INTO `login_record` VALUES ('1449211280054816768', '1', '1', '1', '2021-10-16 11:11:09', '1437334835749818368');
INSERT INTO `login_record` VALUES ('1449211720234536960', '1', '1', '1', '2021-10-16 11:12:54', '1437334835749818368');
INSERT INTO `login_record` VALUES ('1449212352039297024', '1', '1', '1', '2021-10-16 11:15:24', '1437334835749818368');
INSERT INTO `login_record` VALUES ('1449261268822728704', '1', '1', '1', '2021-10-16 14:29:47', '1437334835749818368');
INSERT INTO `login_record` VALUES ('1449261928087646208', '1', '1', '1', '2021-10-16 14:32:24', '1437334835749818368');
INSERT INTO `login_record` VALUES ('1449264852796715008', '1', '1', '1', '2021-10-16 14:44:02', '1437334835749818368');
INSERT INTO `login_record` VALUES ('1449265495527653376', '1', '1', '1', '2021-10-16 14:46:35', '1437334835749818368');
INSERT INTO `login_record` VALUES ('1449267326915989504', '1', '1', '1', '2021-10-16 14:53:51', '1437334835749818368');
INSERT INTO `login_record` VALUES ('1449268205597581312', '1', '1', '1', '2021-10-16 14:57:21', '1437334835749818368');
INSERT INTO `login_record` VALUES ('1449270484484608000', '1', '1', '1', '2021-10-16 15:06:24', '1437334835749818368');
INSERT INTO `login_record` VALUES ('1449274427612717056', '1', '1', '1', '2021-10-16 15:22:04', '1437334835749818368');
INSERT INTO `login_record` VALUES ('1449277378737594368', '1', '1', '1', '2021-10-16 15:33:48', '1437334835749818368');
INSERT INTO `login_record` VALUES ('1449277936311554048', '1', '1', '1', '2021-10-16 15:36:01', '1437334835749818368');
INSERT INTO `login_record` VALUES ('1449280830217736192', '1', '1', '1', '2021-10-16 15:47:31', '1437334835749818368');
INSERT INTO `login_record` VALUES ('1449280996568027136', '1', '1', '1', '2021-10-16 15:48:11', '1437334835749818368');
INSERT INTO `login_record` VALUES ('1449928945379655680', '1', '1', '1', '2021-10-18 10:42:54', '1437334835749818368');
INSERT INTO `login_record` VALUES ('1450283181560897536', '1', '1', '1', '2021-10-19 10:10:30', '1437334835749818368');
INSERT INTO `login_record` VALUES ('1450291327301922816', '1', '1', '1', '2021-10-19 10:42:52', '1437334835749818368');
INSERT INTO `login_record` VALUES ('1450292572200710144', '1', '1', '1', '2021-10-19 10:47:49', '1437334835749818368');
INSERT INTO `login_record` VALUES ('1450298635952156672', '1', '1', '1', '2021-10-19 11:11:55', '1437334835749818368');
INSERT INTO `login_record` VALUES ('1450352923055308800', '1', '1', '1', '2021-10-19 14:47:38', '1437334835749818368');
INSERT INTO `login_record` VALUES ('1450354890322309120', '1', '1', '1', '2021-10-19 14:55:27', '1437334835749818368');
INSERT INTO `login_record` VALUES ('1450357687671369728', '1', '1', '1', '2021-10-19 15:06:34', '1437334835749818368');
INSERT INTO `login_record` VALUES ('1450359394669293568', '1', '1', '1', '2021-10-19 15:13:21', '1437334835749818368');
INSERT INTO `login_record` VALUES ('1450360420222648320', '1', '1', '1', '2021-10-19 15:17:25', '1437334835749818368');
INSERT INTO `login_record` VALUES ('1450362465180790784', '1', '1', '1', '2021-10-19 15:25:33', '1437334835749818368');
INSERT INTO `login_record` VALUES ('1450367871303081984', '1', '1', '1', '2021-10-19 15:47:02', '1437334835749818368');
INSERT INTO `login_record` VALUES ('1450371058776997888', '1', '1', '1', '2021-10-19 15:59:42', '1437334835749818368');
INSERT INTO `login_record` VALUES ('1452252010776195072', '1', '1', '1', '2021-10-24 20:33:56', '1437334835749818368');
INSERT INTO `login_record` VALUES ('1452266539077623808', '1', '1', '1', '2021-10-24 21:31:39', '1437334835749818368');
INSERT INTO `login_record` VALUES ('1452532093227163648', '1', '1', '1', '2021-10-25 15:06:52', '1437334835749818368');
INSERT INTO `login_record` VALUES ('1452541769201315840', '1', '1', '1', '2021-10-25 15:45:19', '1437334835749818368');
INSERT INTO `login_record` VALUES ('1452544057508716544', '1', '1', '1', '2021-10-25 15:54:25', '1437334835749818368');

-- ----------------------------
-- Table structure for login_way
-- ----------------------------
DROP TABLE IF EXISTS `login_way`;
CREATE TABLE `login_way`  (
  `id` varchar(255) CHARACTER SET utf8 COLLATE utf8_general_ci NOT NULL,
  `name` varchar(50) CHARACTER SET utf8 COLLATE utf8_general_ci NULL DEFAULT NULL,
  PRIMARY KEY (`id`) USING BTREE
) ENGINE = InnoDB CHARACTER SET = utf8 COLLATE = utf8_general_ci ROW_FORMAT = Dynamic;

-- ----------------------------
-- Records of login_way
-- ----------------------------
INSERT INTO `login_way` VALUES ('1', '用户名登陆');

-- ----------------------------
-- Table structure for record
-- ----------------------------
DROP TABLE IF EXISTS `record`;
CREATE TABLE `record`  (
  `id` varchar(255) CHARACTER SET utf8 COLLATE utf8_general_ci NOT NULL,
  `label_id` varchar(255) CHARACTER SET utf8 COLLATE utf8_general_ci NOT NULL,
  `count` int(11) NULL DEFAULT NULL,
  `update_date` datetime(0) NULL DEFAULT NULL,
  `user_id` varchar(255) CHARACTER SET utf8 COLLATE utf8_general_ci NULL DEFAULT NULL,
  PRIMARY KEY (`id`) USING BTREE,
  INDEX `fk_record_label`(`label_id`) USING BTREE,
  CONSTRAINT `fk_record_label` FOREIGN KEY (`label_id`) REFERENCES `label` (`id`) ON DELETE CASCADE ON UPDATE CASCADE
) ENGINE = InnoDB CHARACTER SET = utf8 COLLATE = utf8_general_ci ROW_FORMAT = Dynamic;

-- ----------------------------
-- Records of record
-- ----------------------------
INSERT INTO `record` VALUES ('1448478226902421504', '1448478223530201088', 5, '2021-10-18 10:50:50', '1437334835749818368');
INSERT INTO `record` VALUES ('1448595175959474176', '1448595175946891264', 2, '2021-10-18 10:49:13', '1437334835749818368');
INSERT INTO `record` VALUES ('1450299699036254208', '1450299699002699776', 1, '2021-10-19 11:16:08', '1437334835749818368');
INSERT INTO `record` VALUES ('1452266637039788032', '1452266635739553792', 1, '2021-10-24 21:32:03', '1437334835749818368');
INSERT INTO `record` VALUES ('1452534286441308160', '1452534286407753728', 1, '2021-10-25 15:15:35', '1437334835749818368');
INSERT INTO `record` VALUES ('1452541813841293312', '3', 1, '2021-10-25 15:45:30', '1437334835749818368');
INSERT INTO `record` VALUES ('1452544140350414848', '1452544139473805312', 1, '2021-10-25 15:54:45', '1437334835749818368');
INSERT INTO `record` VALUES ('3', '1', 3, '2021-10-10 16:25:50', '111');

-- ----------------------------
-- Table structure for role
-- ----------------------------
DROP TABLE IF EXISTS `role`;
CREATE TABLE `role`  (
  `id` int(11) NOT NULL,
  `name` varchar(50) CHARACTER SET utf8 COLLATE utf8_general_ci NULL DEFAULT NULL,
  PRIMARY KEY (`id`) USING BTREE
) ENGINE = InnoDB CHARACTER SET = utf8 COLLATE = utf8_general_ci ROW_FORMAT = Dynamic;

-- ----------------------------
-- Records of role
-- ----------------------------
INSERT INTO `role` VALUES (1, '用户');
INSERT INTO `role` VALUES (2, '管理员');

-- ----------------------------
-- Table structure for system_type
-- ----------------------------
DROP TABLE IF EXISTS `system_type`;
CREATE TABLE `system_type`  (
  `id` varchar(255) CHARACTER SET utf8 COLLATE utf8_general_ci NOT NULL,
  `name` varchar(50) CHARACTER SET utf8 COLLATE utf8_general_ci NULL DEFAULT NULL,
  PRIMARY KEY (`id`) USING BTREE
) ENGINE = InnoDB CHARACTER SET = utf8 COLLATE = utf8_general_ci ROW_FORMAT = Dynamic;

-- ----------------------------
-- Records of system_type
-- ----------------------------
INSERT INTO `system_type` VALUES ('1', 'Win10');
INSERT INTO `system_type` VALUES ('2', 'Mac');
INSERT INTO `system_type` VALUES ('3', 'Linux');

-- ----------------------------
-- Table structure for user
-- ----------------------------
DROP TABLE IF EXISTS `user`;
CREATE TABLE `user`  (
  `id` varchar(255) CHARACTER SET utf8 COLLATE utf8_general_ci NOT NULL,
  `name` varchar(50) CHARACTER SET utf8 COLLATE utf8_general_ci NOT NULL,
  `password` varchar(255) CHARACTER SET utf8 COLLATE utf8_general_ci NOT NULL,
  `account` varchar(255) CHARACTER SET utf8 COLLATE utf8_general_ci NOT NULL,
  `verify_code` varchar(50) CHARACTER SET utf8 COLLATE utf8_general_ci NULL DEFAULT NULL,
  `sms_code` varchar(50) CHARACTER SET utf8 COLLATE utf8_general_ci NULL DEFAULT NULL,
  `phone` varchar(50) CHARACTER SET utf8 COLLATE utf8_general_ci NULL DEFAULT NULL,
  `verify_code_time` datetime(0) NULL DEFAULT NULL,
  `sms_code_time` datetime(0) NULL DEFAULT NULL,
  `role_id` int(50) NULL DEFAULT NULL,
  PRIMARY KEY (`id`) USING BTREE,
  INDEX `role_id`(`role_id`) USING BTREE,
  INDEX `idx_user_account`(`account`) USING BTREE,
  CONSTRAINT `fk_user_role` FOREIGN KEY (`role_id`) REFERENCES `role` (`id`) ON DELETE RESTRICT ON UPDATE CASCADE
) ENGINE = InnoDB CHARACTER SET = utf8 COLLATE = utf8_general_ci ROW_FORMAT = Dynamic;

-- ----------------------------
-- Records of user
-- ----------------------------
INSERT INTO `user` VALUES ('1437334835749818368', 'cccc', 'fcea920f7412b5da7be0cf42b8c93759', '1102647596@qq.com', '702206', NULL, '15960870736', '2021-10-19 15:59:07', NULL, 1);

SET FOREIGN_KEY_CHECKS = 1;
